Product,Price,Rating 
Samsung Galaxy J6 (Blue| 64 GB);9490;4.5
Samsung Galaxy J6 (Black| 64 GB);9490;4.5
Samsung Guru 1200;1100;4.3
Samsung Guru 1200;1100;4.3
Samsung Galaxy A10 (Blue| 32 GB);7990;4.3
Samsung Galaxy A20 (Deep Blue| 32 GB);11490;4.3
Samsung Guru FM Plus SM-B110E/D;1375;4.3
Samsung Guru FM Plus;1375;4.2
Samsung Galaxy A30 (Blue| 64 GB);15490;4.4
Samsung Guru Music 2;1625;4.3
Samsung Galaxy A30 (Black| 64 GB);15490;4.4
Samsung Guru 1200;1100;4.3
Samsung Metro 313 Dual Sim;2025;4.2
Samsung Metro 313 Dual Sim;2025;4.2
Samsung Galaxy M10 (Ocean Blue| 32 GB);8999;4.3
Samsung Metro 313 Dual Sim;1990;4.2
Samsung Guru FM Plus SM-B110E/D;1375;4.3
Samsung Galaxy A10 (Gold| 32 GB);7990;4.3
Samsung Galaxy M20 (Charcoal Black| 32 GB);10866;4.3
Samsung Galaxy M10 (Charcoal Black| 32 GB);8689;4.3
Samsung Galaxy A20 (Gold| 32 GB);11490;4.3
Samsung Galaxy A8 Plus (Black| 64 GB);16949;4.3
Samsung Galaxy M40 (Seawater Blue| 128 GB);21229;4.3
Samsung Galaxy Note 10 Plus (Aura Glow| 256 GB);79999;4.8
Samsung Galaxy J6 (Blue| 64 GB);9490;4.5
Samsung Galaxy J6 (Black| 64 GB);9490;4.5
Samsung Guru 1200;1100;4.3
Samsung Guru 1200;1100;4.3
Samsung Galaxy A10 (Blue| 32 GB);7990;4.3
Samsung Galaxy A20 (Deep Blue| 32 GB);11490;4.3
Samsung Guru FM Plus SM-B110E/D;1375;4.3
Samsung Guru FM Plus;1375;4.2
Samsung Galaxy A30 (Blue| 64 GB);15490;4.4
Samsung Guru Music 2;1625;4.3
Samsung Galaxy A30 (Black| 64 GB);15490;4.4
Samsung Guru 1200;1100;4.3
Samsung Metro 313 Dual Sim;2025;4.2
Samsung Metro 313 Dual Sim;2025;4.2
Samsung Galaxy M10 (Ocean Blue| 32 GB);8999;4.3
Samsung Metro 313 Dual Sim;1990;4.2
Samsung Guru FM Plus SM-B110E/D;1375;4.3
Samsung Galaxy A10 (Gold| 32 GB);7990;4.3
Samsung Galaxy M20 (Charcoal Black| 32 GB);10866;4.3
Samsung Galaxy M10 (Charcoal Black| 32 GB);8689;4.3
Samsung Galaxy A20 (Gold| 32 GB);11490;4.3
Samsung Galaxy A8 Plus (Black| 64 GB);16949;4.3
Samsung Galaxy M40 (Seawater Blue| 128 GB);21229;4.3
Samsung Galaxy Note 10 Plus (Aura Glow| 256 GB);79999;4.8
